Workbook

Sheet Declaration
A1: Mouvement | B1: Représentant | C1: Adresse du représentant | D1: Type du navire | E1: Nom du navire | F1: Date d'entrée | G1: Date de sortie | H1: Provenance | I1: Zone DN | J1: Tonnage | K1: Largueur | L1: Longueur | M1: Tirant d'eau | N1: Volume Taxable | O1: Taux de base | P1: Redevance Navire | Q1: Modulation non cummulable (4) | R1: Abattement de fréquence | S1: Modulation cummulable (3) | T1: Redevance déchets | U1: Montant Brut | V1: Montant Net | W1: Montant à percevoir | X1: Montant Final
A2: Entrée | B2: DSK Fish | C2: =IF(B2<>"",VLOOKUP(B2,Tableau3[#All],2,0),"") -> 53 AVENUE DES ARAWAKS, 97200 FORT DE FRANCE. | D2: =IF(B2<>"","13","") -> 13 | E2: MAYELEWO | J2: 2.684 | K2: =IF(E2<>"",VLOOKUP(E2,'Caractéristique navire de pêche'!$B:$E,3,0),"") -> 4.39 | L2: =IF(E2<>"",VLOOKUP(E2,'Caractéristique navire de pêche'!$B:$E,2,0),"") -> 14.5 | M2: =IF(E2<>"",_xlfn.LET(_xlpm.te_reel,VLOOKUP(E2,'Caractéristique navire de pêche'!$B:$E,4,0),_xlpm.longueur,VLOOKUP(E2,'Caractéristique navire de pêche'!$B:$E,2,0),_xlpm.largeur,VLOOKUP(E2,'Caractéristique navire de pêche'!$B:$E,3,0),_xlpm.te_theorique,0.14*SQRT(_xlpm.longueur*_xlpm.largeur),IF(_xlpm.te_reel>=_xlpm.te_theorique,_xlpm.te_reel,ROUND(_xlpm.te_theorique,2))),"") -> 1.8 | N2: =IF(AND(K2<>"",L2<>"",M2<>""),ROUNDUP(L2*K2*M2,0),"") -> 115 | O2: =IF(A2<>"",IF(A2="Entrée",0.366,0.228),"") -> 0.366 | P2: =IF(AND(N2<>"",O2<>""),ROUNDUP(N2*O2,2),"") -> 42.09 | Q2: =IF(AND(J2<>"",N2<>""),IF(J2/N2>2/15,0,IF(J2/N2>1/10,-0.1,IF(J2/N2>1/20,-0.3,IF(J2/N2>1/40,-0.5,IF(J2/N2>1/100,-0.6,IF(J2/N2>1/250,-0.7,IF(J2/N2>1/500,-0.8,-0.95))))))),"") -> -0.6 | R2: {=IF(E2<>"",IF(COUNTIFS($E$2:E2,E2,$F$2:F2,">="&DATE(YEAR(F2),1,1),$F$2:F2,"<="&DATE(YEAR(Q:QF2),12,31))<=6,0,IF(COUNTIFS($E$2:E2,E2,$F$2:F2,">="&DATE(YEAR(F2),1,1),$F$2:F2,"<="&DATE(YEAR(F2),12,31))<=15,-0.1,IF(COUNTIFS($E$2:E2,E2,$F$2:F2,">="&DATE(YEAR(F2),1,1),$F$2:F2,"<="&DATE(YEAR(F2),12,31))<=30,-0.15,IF(COUNTIFS($E$2:E2,E2,$F$2:F2,">="&DATE(YEAR(F2),1,1),$F$2:F2,"<="&DATE(YEAR(F2),12,31))<=60,-0.2,IF(COUNTIFS($E$2:E2,E2,$F$2:F2,">="&DATE(YEAR(F2),1,1),$F$2:F2,"<="&DATE(YEAR(F2),12,31))<=120,-0.25,-0.3))))),"")} -> 0 | S2: =IF(E2<>"",0,"") -> 0 | T2: =IF(AND(E2<>"",A2="Entrée"),65,"") -> 65 | U2: =IF(AND(P2<>"",Q2<>""),ROUNDUP(P2*(1+Q2),2),"") -> 16.84 | V2: =IF(U2<>"",U2+T2,"") -> 81.84 | W2: =IF(V2<>"",IF(V2<9,0,IF(V2<=16,16,V2)),"") -> 81.84 | X2: =IF(W2<>"",W2,"") -> 81.84
C3: =IF(B3<>"",VLOOKUP(B3,Tableau3[#All],2,0),"") | D3: =IF(B3<>"","13","") | K3: =IF(E3<>"",VLOOKUP(E3,'Caractéristique navire de pêche'!$B:$E,3,0),"") | M3: =IF(E3<>"",_xlfn.LET(_xlpm.te_reel,VLOOKUP(E3,Tableau13[[#All],[Nom du Navire ]:[Tirant d''eau (m)]],4,0),_xlpm.longueur,VLOOKUP(E3,Tableau13[[#All],[Nom du Navire ]:[Tirant d''eau (m)]],2,0),_xlpm.largeur,VLOOKUP(E3,Tableau13[[#All],[Nom du Navire ]:[Tirant d''eau (m)]],3,0),_xlpm.te_theorique,0.14*SQRT(_xlpm.longueur*_xlpm.largeur),IF(_xlpm.te_reel>=_xlpm.te_theorique,_xlpm.te_reel,ROUND(_xlpm.te_theorique,2))),"") | N3: =IF(AND(K3<>"",L3<>"",M3<>""),ROUNDUP(L3*K3*M3,0),"") | O3: =IF(A3<>"",IF(A3="Entrée",0.366,0.228),"") | P3: =IF(AND(N3<>"",O3<>""),ROUNDUP(N3*O3,2),"") | Q3: =IF(AND(J3<>"",N3<>""),IF(J3/N3>2/15,0,IF(J3/N3>1/10,-0.1,IF(J3/N3>1/20,-0.3,IF(J3/N3>1/40,-0.5,IF(J3/N3>1/100,-0.6,IF(J3/N3>1/250,-0.7,IF(J3/N3>1/500,-0.8,-0.95))))))),"") | R3: {=IF(E3<>"",IF(COUNTIFS($E$2:E3,E3,$F$2:F3,">="&DATE(YEAR(F3),1,1),$F$2:F3,"<="&DATE(YEAR(Q:QF3),12,31))<=6,0,IF(COUNTIFS($E$2:E3,E3,$F$2:F3,">="&DATE(YEAR(F3),1,1),$F$2:F3,"<="&DATE(YEAR(F3),12,31))<=15,-0.1,IF(COUNTIFS($E$2:E3,E3,$F$2:F3,">="&DATE(YEAR(F3),1,1),$F$2:F3,"<="&DATE(YEAR(F3),12,31))<=30,-0.15,IF(COUNTIFS($E$2:E3,E3,$F$2:F3,">="&DATE(YEAR(F3),1,1),$F$2:F3,"<="&DATE(YEAR(F3),12,31))<=60,-0.2,IF(COUNTIFS($E$2:E3,E3,$F$2:F3,">="&DATE(YEAR(F3),1,1),$F$2:F3,"<="&DATE(YEAR(F3),12,31))<=120,-0.25,-0.3))))),"")} | S3: =IF(E3<>"",0,"") | T3: =IF(AND(E3<>"",A3="Entrée"),65,"") | U3: =IF(AND(P3<>"",Q3<>""),ROUNDUP(P3*(1+Q3),2),"") | V3: =IF(U3<>"",U3+T3,"") | W3: =IF(V3<>"",IF(V3<9,0,IF(V3<=16,16,V3)),"") | X3: =IF(W3<>"",W3,"")
C4: =IF(B4<>"",VLOOKUP(B4,Tableau3[#All],2,0),"") | D4: =IF(B4<>"","13","") | K4: =IF(E4<>"",VLOOKUP(E4,'Caractéristique navire de pêche'!$B:$E,3,0),"") | M4: =IF(E4<>"",_xlfn.LET(_xlpm.te_reel,VLOOKUP(E4,Tableau13[[#All],[Nom du Navire ]:[Tirant d''eau (m)]],4,0),_xlpm.longueur,VLOOKUP(E4,Tableau13[[#All],[Nom du Navire ]:[Tirant d''eau (m)]],2,0),_xlpm.largeur,VLOOKUP(E4,Tableau13[[#All],[Nom du Navire ]:[Tirant d''eau (m)]],3,0),_xlpm.te_theorique,0.14*SQRT(_xlpm.longueur*_xlpm.largeur),IF(_xlpm.te_reel>=_xlpm.te_theorique,_xlpm.te_reel,ROUND(_xlpm.te_theorique,2))),"") | N4: =IF(AND(K4<>"",L4<>"",M4<>""),ROUNDUP(L4*K4*M4,0),"") | O4: =IF(A4<>"",IF(A4="Entrée",0.366,0.228),"") | P4: =IF(AND(N4<>"",O4<>""),ROUNDUP(N4*O4,2),"") | Q4: =IF(AND(J4<>"",N4<>""),IF(J4/N4>2/15,0,IF(J4/N4>1/10,-0.1,IF(J4/N4>1/20,-0.3,IF(J4/N4>1/40,-0.5,IF(J4/N4>1/100,-0.6,IF(J4/N4>1/250,-0.7,IF(J4/N4>1/500,-0.8,-0.95))))))),"") | R4: {=IF(E4<>"",IF(COUNTIFS($E$2:E4,E4,$F$2:F4,">="&DATE(YEAR(F4),1,1),$F$2:F4,"<="&DATE(YEAR(Q:QF4),12,31))<=6,0,IF(COUNTIFS($E$2:E4,E4,$F$2:F4,">="&DATE(YEAR(F4),1,1),$F$2:F4,"<="&DATE(YEAR(F4),12,31))<=15,-0.1,IF(COUNTIFS($E$2:E4,E4,$F$2:F4,">="&DATE(YEAR(F4),1,1),$F$2:F4,"<="&DATE(YEAR(F4),12,31))<=30,-0.15,IF(COUNTIFS($E$2:E4,E4,$F$2:F4,">="&DATE(YEAR(F4),1,1),$F$2:F4,"<="&DATE(YEAR(F4),12,31))<=60,-0.2,IF(COUNTIFS($E$2:E4,E4,$F$2:F4,">="&DATE(YEAR(F4),1,1),$F$2:F4,"<="&DATE(YEAR(F4),12,31))<=120,-0.25,-0.3))))),"")} | S4: =IF(E4<>"",0,"") | T4: =IF(AND(E4<>"",A4="Entrée"),65,"") | U4: =IF(AND(P4<>"",Q4<>""),ROUNDUP(P4*(1+Q4),2),"") | V4: =IF(U4<>"",U4+T4,"") | W4: =IF(V4<>"",IF(V4<9,0,IF(V4<=16,16,V4)),"") | X4: =IF(W4<>"",W4,"")
C5: =IF(B5<>"",VLOOKUP(B5,Tableau3[#All],2,0),"") | D5: =IF(B5<>"","13","") | K5: =IF(E5<>"",VLOOKUP(E5,'Caractéristique navire de pêche'!$B:$E,3,0),"") | M5: =IF(E5<>"",_xlfn.LET(_xlpm.te_reel,VLOOKUP(E5,Tableau13[[#All],[Nom du Navire ]:[Tirant d''eau (m)]],4,0),_xlpm.longueur,VLOOKUP(E5,Tableau13[[#All],[Nom du Navire ]:[Tirant d''eau (m)]],2,0),_xlpm.largeur,VLOOKUP(E5,Tableau13[[#All],[Nom du Navire ]:[Tirant d''eau (m)]],3,0),_xlpm.te_theorique,0.14*SQRT(_xlpm.longueur*_xlpm.largeur),IF(_xlpm.te_reel>=_xlpm.te_theorique,_xlpm.te_reel,ROUND(_xlpm.te_theorique,2))),"") | N5: =IF(AND(K5<>"",L5<>"",M5<>""),ROUNDUP(L5*K5*M5,0),"") | O5: =IF(A5<>"",IF(A5="Entrée",0.366,0.228),"") | P5: =IF(AND(N5<>"",O5<>""),ROUNDUP(N5*O5,2),"") | Q5: =IF(AND(J5<>"",N5<>""),IF(J5/N5>2/15,0,IF(J5/N5>1/10,-0.1,IF(J5/N5>1/20,-0.3,IF(J5/N5>1/40,-0.5,IF(J5/N5>1/100,-0.6,IF(J5/N5>1/250,-0.7,IF(J5/N5>1/500,-0.8,-0.95))))))),"") | R5: {=IF(E5<>"",IF(COUNTIFS($E$2:E5,E5,$F$2:F5,">="&DATE(YEAR(F5),1,1),$F$2:F5,"<="&DATE(YEAR(Q:QF5),12,31))<=6,0,IF(COUNTIFS($E$2:E5,E5,$F$2:F5,">="&DATE(YEAR(F5),1,1),$F$2:F5,"<="&DATE(YEAR(F5),12,31))<=15,-0.1,IF(COUNTIFS($E$2:E5,E5,$F$2:F5,">="&DATE(YEAR(F5),1,1),$F$2:F5,"<="&DATE(YEAR(F5),12,31))<=30,-0.15,IF(COUNTIFS($E$2:E5,E5,$F$2:F5,">="&DATE(YEAR(F5),1,1),$F$2:F5,"<="&DATE(YEAR(F5),12,31))<=60,-0.2,IF(COUNTIFS($E$2:E5,E5,$F$2:F5,">="&DATE(YEAR(F5),1,1),$F$2:F5,"<="&DATE(YEAR(F5),12,31))<=120,-0.25,-0.3))))),"")} | S5: =IF(E5<>"",0,"") | T5: =IF(AND(E5<>"",A5="Entrée"),65,"") | U5: =IF(AND(P5<>"",Q5<>""),ROUNDUP(P5*(1+Q5),2),"") | V5: =IF(U5<>"",U5+T5,"") | W5: =IF(V5<>"",IF(V5<9,0,IF(V5<=16,16,V5)),"") | X5: =IF(W5<>"",W5,"")
C6: =IF(B6<>"",VLOOKUP(B6,Tableau3[#All],2,0),"") | D6: =IF(B6<>"","13","") | K6: =IF(E6<>"",VLOOKUP(E6,'Caractéristique navire de pêche'!$B:$E,3,0),"") | M6: =IF(E6<>"",_xlfn.LET(_xlpm.te_reel,VLOOKUP(E6,Tableau13[[#All],[Nom du Navire ]:[Tirant d''eau (m)]],4,0),_xlpm.longueur,VLOOKUP(E6,Tableau13[[#All],[Nom du Navire ]:[Tirant d''eau (m)]],2,0),_xlpm.largeur,VLOOKUP(E6,Tableau13[[#All],[Nom du Navire ]:[Tirant d''eau (m)]],3,0),_xlpm.te_theorique,0.14*SQRT(_xlpm.longueur*_xlpm.largeur),IF(_xlpm.te_reel>=_xlpm.te_theorique,_xlpm.te_reel,ROUND(_xlpm.te_theorique,2))),"") | N6: =IF(AND(K6<>"",L6<>"",M6<>""),ROUNDUP(L6*K6*M6,0),"") | O6: =IF(A6<>"",IF(A6="Entrée",0.366,0.228),"") | P6: =IF(AND(N6<>"",O6<>""),ROUNDUP(N6*O6,2),"") | Q6: =IF(AND(J6<>"",N6<>""),IF(J6/N6>2/15,0,IF(J6/N6>1/10,-0.1,IF(J6/N6>1/20,-0.3,IF(J6/N6>1/40,-0.5,IF(J6/N6>1/100,-0.6,IF(J6/N6>1/250,-0.7,IF(J6/N6>1/500,-0.8,-0.95))))))),"") | R6: {=IF(E6<>"",IF(COUNTIFS($E$2:E6,E6,$F$2:F6,">="&DATE(YEAR(F6),1,1),$F$2:F6,"<="&DATE(YEAR(Q:QF6),12,31))<=6,0,IF(COUNTIFS($E$2:E6,E6,$F$2:F6,">="&DATE(YEAR(F6),1,1),$F$2:F6,"<="&DATE(YEAR(F6),12,31))<=15,-0.1,IF(COUNTIFS($E$2:E6,E6,$F$2:F6,">="&DATE(YEAR(F6),1,1),$F$2:F6,"<="&DATE(YEAR(F6),12,31))<=30,-0.15,IF(COUNTIFS($E$2:E6,E6,$F$2:F6,">="&DATE(YEAR(F6),1,1),$F$2:F6,"<="&DATE(YEAR(F6),12,31))<=60,-0.2,IF(COUNTIFS($E$2:E6,E6,$F$2:F6,">="&DATE(YEAR(F6),1,1),$F$2:F6,"<="&DATE(YEAR(F6),12,31))<=120,-0.25,-0.3))))),"")} | S6: =IF(E6<>"",0,"") | T6: =IF(AND(E6<>"",A6="Entrée"),65,"") | U6: =IF(AND(P6<>"",Q6<>""),ROUNDUP(P6*(1+Q6),2),"") | V6: =IF(U6<>"",U6+T6,"") | W6: =IF(V6<>"",IF(V6<9,0,IF(V6<=16,16,V6)),"") | X6: =IF(W6<>"",W6,"")
C7: =IF(B7<>"",VLOOKUP(B7,Tableau3[#All],2,0),"") | D7: =IF(B7<>"","13","") | K7: =IF(E7<>"",VLOOKUP(E7,'Caractéristique navire de pêche'!$B:$E,3,0),"") | M7: =IF(E7<>"",_xlfn.LET(_xlpm.te_reel,VLOOKUP(E7,Tableau13[[#All],[Nom du Navire ]:[Tirant d''eau (m)]],4,0),_xlpm.longueur,VLOOKUP(E7,Tableau13[[#All],[Nom du Navire ]:[Tirant d''eau (m)]],2,0),_xlpm.largeur,VLOOKUP(E7,Tableau13[[#All],[Nom du Navire ]:[Tirant d''eau (m)]],3,0),_xlpm.te_theorique,0.14*SQRT(_xlpm.longueur*_xlpm.largeur),IF(_xlpm.te_reel>=_xlpm.te_theorique,_xlpm.te_reel,ROUND(_xlpm.te_theorique,2))),"") | N7: =IF(AND(K7<>"",L7<>"",M7<>""),ROUNDUP(L7*K7*M7,0),"") | O7: =IF(A7<>"",IF(A7="Entrée",0.366,0.228),"") | P7: =IF(AND(N7<>"",O7<>""),ROUNDUP(N7*O7,2),"") | Q7: =IF(AND(J7<>"",N7<>""),IF(J7/N7>2/15,0,IF(J7/N7>1/10,-0.1,IF(J7/N7>1/20,-0.3,IF(J7/N7>1/40,-0.5,IF(J7/N7>1/100,-0.6,IF(J7/N7>1/250,-0.7,IF(J7/N7>1/500,-0.8,-0.95))))))),"") | R7: {=IF(E7<>"",IF(COUNTIFS($E$2:E7,E7,$F$2:F7,">="&DATE(YEAR(F7),1,1),$F$2:F7,"<="&DATE(YEAR(Q:QF7),12,31))<=6,0,IF(COUNTIFS($E$2:E7,E7,$F$2:F7,">="&DATE(YEAR(F7),1,1),$F$2:F7,"<="&DATE(YEAR(F7),12,31))<=15,-0.1,IF(COUNTIFS($E$2:E7,E7,$F$2:F7,">="&DATE(YEAR(F7),1,1),$F$2:F7,"<="&DATE(YEAR(F7),12,31))<=30,-0.15,IF(COUNTIFS($E$2:E7,E7,$F$2:F7,">="&DATE(YEAR(F7),1,1),$F$2:F7,"<="&DATE(YEAR(F7),12,31))<=60,-0.2,IF(COUNTIFS($E$2:E7,E7,$F$2:F7,">="&DATE(YEAR(F7),1,1),$F$2:F7,"<="&DATE(YEAR(F7),12,31))<=120,-0.25,-0.3))))),"")} | S7: =IF(E7<>"",0,"") | T7: =IF(AND(E7<>"",A7="Entrée"),65,"") | U7: =IF(AND(P7<>"",Q7<>""),ROUNDUP(P7*(1+Q7),2),"") | V7: =IF(U7<>"",U7+T7,"") | W7: =IF(V7<>"",IF(V7<9,0,IF(V7<=16,16,V7)),"") | X7: =IF(W7<>"",W7,"")
C8: =IF(B8<>"",VLOOKUP(B8,Tableau3[#All],2,0),"") | D8: =IF(B8<>"","13","") | K8: =IF(E8<>"",VLOOKUP(E8,'Caractéristique navire de pêche'!$B:$E,3,0),"") | M8: =IF(E8<>"",_xlfn.LET(_xlpm.te_reel,VLOOKUP(E8,Tableau13[[#All],[Nom du Navire ]:[Tirant d''eau (m)]],4,0),_xlpm.longueur,VLOOKUP(E8,Tableau13[[#All],[Nom du Navire ]:[Tirant d''eau (m)]],2,0),_xlpm.largeur,VLOOKUP(E8,Tableau13[[#All],[Nom du Navire ]:[Tirant d''eau (m)]],3,0),_xlpm.te_theorique,0.14*SQRT(_xlpm.longueur*_xlpm.largeur),IF(_xlpm.te_reel>=_xlpm.te_theorique,_xlpm.te_reel,ROUND(_xlpm.te_theorique,2))),"") | N8: =IF(AND(K8<>"",L8<>"",M8<>""),ROUNDUP(L8*K8*M8,0),"") | O8: =IF(A8<>"",IF(A8="Entrée",0.366,0.228),"") | P8: =IF(AND(N8<>"",O8<>""),ROUNDUP(N8*O8,2),"") | Q8: =IF(AND(J8<>"",N8<>""),IF(J8/N8>2/15,0,IF(J8/N8>1/10,-0.1,IF(J8/N8>1/20,-0.3,IF(J8/N8>1/40,-0.5,IF(J8/N8>1/100,-0.6,IF(J8/N8>1/250,-0.7,IF(J8/N8>1/500,-0.8,-0.95))))))),"") | R8: {=IF(E8<>"",IF(COUNTIFS($E$2:E8,E8,$F$2:F8,">="&DATE(YEAR(F8),1,1),$F$2:F8,"<="&DATE(YEAR(Q:QF8),12,31))<=6,0,IF(COUNTIFS($E$2:E8,E8,$F$2:F8,">="&DATE(YEAR(F8),1,1),$F$2:F8,"<="&DATE(YEAR(F8),12,31))<=15,-0.1,IF(COUNTIFS($E$2:E8,E8,$F$2:F8,">="&DATE(YEAR(F8),1,1),$F$2:F8,"<="&DATE(YEAR(F8),12,31))<=30,-0.15,IF(COUNTIFS($E$2:E8,E8,$F$2:F8,">="&DATE(YEAR(F8),1,1),$F$2:F8,"<="&DATE(YEAR(F8),12,31))<=60,-0.2,IF(COUNTIFS($E$2:E8,E8,$F$2:F8,">="&DATE(YEAR(F8),1,1),$F$2:F8,"<="&DATE(YEAR(F8),12,31))<=120,-0.25,-0.3))))),"")} | S8: =IF(E8<>"",0,"") | T8: =IF(AND(E8<>"",A8="Entrée"),65,"") | U8: =IF(AND(P8<>"",Q8<>""),ROUNDUP(P8*(1+Q8),2),"") | V8: =IF(U8<>"",U8+T8,"") | W8: =IF(V8<>"",IF(V8<9,0,IF(V8<=16,16,V8)),"") | X8: =IF(W8<>"",W8,"")
C9: =IF(B9<>"",VLOOKUP(B9,Tableau3[#All],2,0),"") | D9: =IF(B9<>"","13","") | K9: =IF(E9<>"",VLOOKUP(E9,'Caractéristique navire de pêche'!$B:$E,3,0),"") | M9: =IF(E9<>"",_xlfn.LET(_xlpm.te_reel,VLOOKUP(E9,Tableau13[[#All],[Nom du Navire ]:[Tirant d''eau (m)]],4,0),_xlpm.longueur,VLOOKUP(E9,Tableau13[[#All],[Nom du Navire ]:[Tirant d''eau (m)]],2,0),_xlpm.largeur,VLOOKUP(E9,Tableau13[[#All],[Nom du Navire ]:[Tirant d''eau (m)]],3,0),_xlpm.te_theorique,0.14*SQRT(_xlpm.longueur*_xlpm.largeur),IF(_xlpm.te_reel>=_xlpm.te_theorique,_xlpm.te_reel,ROUND(_xlpm.te_theorique,2))),"") | N9: =IF(AND(K9<>"",L9<>"",M9<>""),ROUNDUP(L9*K9*M9,0),"") | O9: =IF(A9<>"",IF(A9="Entrée",0.366,0.228),"") | P9: =IF(AND(N9<>"",O9<>""),ROUNDUP(N9*O9,2),"") | Q9: =IF(AND(J9<>"",N9<>""),IF(J9/N9>2/15,0,IF(J9/N9>1/10,-0.1,IF(J9/N9>1/20,-0.3,IF(J9/N9>1/40,-0.5,IF(J9/N9>1/100,-0.6,IF(J9/N9>1/250,-0.7,IF(J9/N9>1/500,-0.8,-0.95))))))),"") | R9: {=IF(E9<>"",IF(COUNTIFS($E$2:E9,E9,$F$2:F9,">="&DATE(YEAR(F9),1,1),$F$2:F9,"<="&DATE(YEAR(Q:QF9),12,31))<=6,0,IF(COUNTIFS($E$2:E9,E9,$F$2:F9,">="&DATE(YEAR(F9),1,1),$F$2:F9,"<="&DATE(YEAR(F9),12,31))<=15,-0.1,IF(COUNTIFS($E$2:E9,E9,$F$2:F9,">="&DATE(YEAR(F9),1,1),$F$2:F9,"<="&DATE(YEAR(F9),12,31))<=30,-0.15,IF(COUNTIFS($E$2:E9,E9,$F$2:F9,">="&DATE(YEAR(F9),1,1),$F$2:F9,"<="&DATE(YEAR(F9),12,31))<=60,-0.2,IF(COUNTIFS($E$2:E9,E9,$F$2:F9,">="&DATE(YEAR(F9),1,1),$F$2:F9,"<="&DATE(YEAR(F9),12,31))<=120,-0.25,-0.3))))),"")} | S9: =IF(E9<>"",0,"") | T9: =IF(AND(E9<>"",A9="Entrée"),65,"") | U9: =IF(AND(P9<>"",Q9<>""),ROUNDUP(P9*(1+Q9),2),"") | V9: =IF(U9<>"",U9+T9,"") | W9: =IF(V9<>"",IF(V9<9,0,IF(V9<=16,16,V9)),"") | X9: =IF(W9<>"",W9,"")
C10: =IF(B10<>"",VLOOKUP(B10,Tableau3[#All],2,0),"") | D10: =IF(B10<>"","13","") | K10: =IF(E10<>"",VLOOKUP(E10,'Caractéristique navire de pêche'!$B:$E,3,0),"") | M10: =IF(E10<>"",_xlfn.LET(_xlpm.te_reel,VLOOKUP(E10,Tableau13[[#All],[Nom du Navire ]:[Tirant d''eau (m)]],4,0),_xlpm.longueur,VLOOKUP(E10,Tableau13[[#All],[Nom du Navire ]:[Tirant d''eau (m)]],2,0),_xlpm.largeur,VLOOKUP(E10,Tableau13[[#All],[Nom du Navire ]:[Tirant d''eau (m)]],3,0),_xlpm.te_theorique,0.14*SQRT(_xlpm.longueur*_xlpm.largeur),IF(_xlpm.te_reel>=_xlpm.te_theorique,_xlpm.te_reel,ROUND(_xlpm.te_theorique,2))),"") | N10: =IF(AND(K10<>"",L10<>"",M10<>""),ROUNDUP(L10*K10*M10,0),"") | O10: =IF(A10<>"",IF(A10="Entrée",0.366,0.228),"") | P10: =IF(AND(N10<>"",O10<>""),ROUNDUP(N10*O10,2),"") | Q10: =IF(AND(J10<>"",N10<>""),IF(J10/N10>2/15,0,IF(J10/N10>1/10,-0.1,IF(J10/N10>1/20,-0.3,IF(J10/N10>1/40,-0.5,IF(J10/N10>1/100,-0.6,IF(J10/N10>1/250,-0.7,IF(J10/N10>1/500,-0.8,-0.95))))))),"") | R10: {=IF(E10<>"",IF(COUNTIFS($E$2:E10,E10,$F$2:F10,">="&DATE(YEAR(F10),1,1),$F$2:F10,"<="&DATE(YEAR(Q:QF10),12,31))<=6,0,IF(COUNTIFS($E$2:E10,E10,$F$2:F10,">="&DATE(YEAR(F10),1,1),$F$2:F10,"<="&DATE(YEAR(F10),12,31))<=15,-0.1,IF(COUNTIFS($E$2:E10,E10,$F$2:F10,">="&DATE(YEAR(F10),1,1),$F$2:F10,"<="&DATE(YEAR(F10),12,31))<=30,-0.15,IF(COUNTIFS($E$2:E10,E10,$F$2:F10,">="&DATE(YEAR(F10),1,1),$F$2:F10,"<="&DATE(YEAR(F10),12,31))<=60,-0.2,IF(COUNTIFS($E$2:E10,E10,$F$2:F10,">="&DATE(YEAR(F10),1,1),$F$2:F10,"<="&DATE(YEAR(F10),12,31))<=120,-0.25,-0.3))))),"")} | S10: =IF(E10<>"",0,"") | T10: =IF(AND(E10<>"",A10="Entrée"),65,"") | U10: =IF(AND(P10<>"",Q10<>""),ROUNDUP(P10*(1+Q10),2),"") | V10: =IF(U10<>"",U10+T10,"") | W10: =IF(V10<>"",IF(V10<9,0,IF(V10<=16,16,V10)),"") | X10: =IF(W10<>"",W10,"")
C11: =IF(B11<>"",VLOOKUP(B11,Tableau3[#All],2,0),"") | D11: =IF(B11<>"","13","") | K11: =IF(E11<>"",VLOOKUP(E11,'Caractéristique navire de pêche'!$B:$E,3,0),"") | M11: =IF(E11<>"",_xlfn.LET(_xlpm.te_reel,VLOOKUP(E11,Tableau13[[#All],[Nom du Navire ]:[Tirant d''eau (m)]],4,0),_xlpm.longueur,VLOOKUP(E11,Tableau13[[#All],[Nom du Navire ]:[Tirant d''eau (m)]],2,0),_xlpm.largeur,VLOOKUP(E11,Tableau13[[#All],[Nom du Navire ]:[Tirant d''eau (m)]],3,0),_xlpm.te_theorique,0.14*SQRT(_xlpm.longueur*_xlpm.largeur),IF(_xlpm.te_reel>=_xlpm.te_theorique,_xlpm.te_reel,ROUND(_xlpm.te_theorique,2))),"") | N11: =IF(AND(K11<>"",L11<>"",M11<>""),ROUNDUP(L11*K11*M11,0),"") | O11: =IF(A11<>"",IF(A11="Entrée",0.366,0.228),"") | P11: =IF(AND(N11<>"",O11<>""),ROUNDUP(N11*O11,2),"") | Q11: =IF(AND(J11<>"",N11<>""),IF(J11/N11>2/15,0,IF(J11/N11>1/10,-0.1,IF(J11/N11>1/20,-0.3,IF(J11/N11>1/40,-0.5,IF(J11/N11>1/100,-0.6,IF(J11/N11>1/250,-0.7,IF(J11/N11>1/500,-0.8,-0.95))))))),"") | R11: {=IF(E11<>"",IF(COUNTIFS($E$2:E11,E11,$F$2:F11,">="&DATE(YEAR(F11),1,1),$F$2:F11,"<="&DATE(YEAR(Q:QF11),12,31))<=6,0,IF(COUNTIFS($E$2:E11,E11,$F$2:F11,">="&DATE(YEAR(F11),1,1),$F$2:F11,"<="&DATE(YEAR(F11),12,31))<=15,-0.1,IF(COUNTIFS($E$2:E11,E11,$F$2:F11,">="&DATE(YEAR(F11),1,1),$F$2:F11,"<="&DATE(YEAR(F11),12,31))<=30,-0.15,IF(COUNTIFS($E$2:E11,E11,$F$2:F11,">="&DATE(YEAR(F11),1,1),$F$2:F11,"<="&DATE(YEAR(F11),12,31))<=60,-0.2,IF(COUNTIFS($E$2:E11,E11,$F$2:F11,">="&DATE(YEAR(F11),1,1),$F$2:F11,"<="&DATE(YEAR(F11),12,31))<=120,-0.25,-0.3))))),"")} | S11: =IF(E11<>"",0,"") | T11: =IF(AND(E11<>"",A11="Entrée"),65,"") | U11: =IF(AND(P11<>"",Q11<>""),ROUNDUP(P11*(1+Q11),2),"") | V11: =IF(U11<>"",U11+T11,"") | W11: =IF(V11<>"",IF(V11<9,0,IF(V11<=16,16,V11)),"") | X11: =IF(W11<>"",W11,"")
C12: =IF(B12<>"",VLOOKUP(B12,Tableau3[#All],2,0),"") | D12: =IF(B12<>"","13","") | K12: =IF(E12<>"",VLOOKUP(E12,'Caractéristique navire de pêche'!$B:$E,3,0),"") | M12: =IF(E12<>"",_xlfn.LET(_xlpm.te_reel,VLOOKUP(E12,Tableau13[[#All],[Nom du Navire ]:[Tirant d''eau (m)]],4,0),_xlpm.longueur,VLOOKUP(E12,Tableau13[[#All],[Nom du Navire ]:[Tirant d''eau (m)]],2,0),_xlpm.largeur,VLOOKUP(E12,Tableau13[[#All],[Nom du Navire ]:[Tirant d''eau (m)]],3,0),_xlpm.te_theorique,0.14*SQRT(_xlpm.longueur*_xlpm.largeur),IF(_xlpm.te_reel>=_xlpm.te_theorique,_xlpm.te_reel,ROUND(_xlpm.te_theorique,2))),"") | N12: =IF(AND(K12<>"",L12<>"",M12<>""),ROUNDUP(L12*K12*M12,0),"") | O12: =IF(A12<>"",IF(A12="Entrée",0.366,0.228),"") | P12: =IF(AND(N12<>"",O12<>""),ROUNDUP(N12*O12,2),"") | Q12: =IF(AND(J12<>"",N12<>""),IF(J12/N12>2/15,0,IF(J12/N12>1/10,-0.1,IF(J12/N12>1/20,-0.3,IF(J12/N12>1/40,-0.5,IF(J12/N12>1/100,-0.6,IF(J12/N12>1/250,-0.7,IF(J12/N12>1/500,-0.8,-0.95))))))),"") | R12: {=IF(E12<>"",IF(COUNTIFS($E$2:E12,E12,$F$2:F12,">="&DATE(YEAR(F12),1,1),$F$2:F12,"<="&DATE(YEAR(Q:QF12),12,31))<=6,0,IF(COUNTIFS($E$2:E12,E12,$F$2:F12,">="&DATE(YEAR(F12),1,1),$F$2:F12,"<="&DATE(YEAR(F12),12,31))<=15,-0.1,IF(COUNTIFS($E$2:E12,E12,$F$2:F12,">="&DATE(YEAR(F12),1,1),$F$2:F12,"<="&DATE(YEAR(F12),12,31))<=30,-0.15,IF(COUNTIFS($E$2:E12,E12,$F$2:F12,">="&DATE(YEAR(F12),1,1),$F$2:F12,"<="&DATE(YEAR(F12),12,31))<=60,-0.2,IF(COUNTIFS($E$2:E12,E12,$F$2:F12,">="&DATE(YEAR(F12),1,1),$F$2:F12,"<="&DATE(YEAR(F12),12,31))<=120,-0.25,-0.3))))),"")} | S12: =IF(E12<>"",0,"") | T12: =IF(AND(E12<>"",A12="Entrée"),65,"") | U12: =IF(AND(P12<>"",Q12<>""),ROUNDUP(P12*(1+Q12),2),"") | V12: =IF(U12<>"",U12+T12,"") | W12: =IF(V12<>"",IF(V12<9,0,IF(V12<=16,16,V12)),"") | X12: =IF(W12<>"",W12,"")
C13: =IF(B13<>"",VLOOKUP(B13,Tableau3[#All],2,0),"") | D13: =IF(B13<>"","13","") | K13: =IF(E13<>"",VLOOKUP(E13,'Caractéristique navire de pêche'!$B:$E,3,0),"") | M13: =IF(E13<>"",_xlfn.LET(_xlpm.te_reel,VLOOKUP(E13,Tableau13[[#All],[Nom du Navire ]:[Tirant d''eau (m)]],4,0),_xlpm.longueur,VLOOKUP(E13,Tableau13[[#All],[Nom du Navire ]:[Tirant d''eau (m)]],2,0),_xlpm.largeur,VLOOKUP(E13,Tableau13[[#All],[Nom du Navire ]:[Tirant d''eau (m)]],3,0),_xlpm.te_theorique,0.14*SQRT(_xlpm.longueur*_xlpm.largeur),IF(_xlpm.te_reel>=_xlpm.te_theorique,_xlpm.te_reel,ROUND(_xlpm.te_theorique,2))),"") | N13: =IF(AND(K13<>"",L13<>"",M13<>""),ROUNDUP(L13*K13*M13,0),"") | O13: =IF(A13<>"",IF(A13="Entrée",0.366,0.228),"") | P13: =IF(AND(N13<>"",O13<>""),ROUNDUP(N13*O13,2),"") | Q13: =IF(AND(J13<>"",N13<>""),IF(J13/N13>2/15,0,IF(J13/N13>1/10,-0.1,IF(J13/N13>1/20,-0.3,IF(J13/N13>1/40,-0.5,IF(J13/N13>1/100,-0.6,IF(J13/N13>1/250,-0.7,IF(J13/N13>1/500,-0.8,-0.95))))))),"") | R13: {=IF(E13<>"",IF(COUNTIFS($E$2:E13,E13,$F$2:F13,">="&DATE(YEAR(F13),1,1),$F$2:F13,"<="&DATE(YEAR(Q:QF13),12,31))<=6,0,IF(COUNTIFS($E$2:E13,E13,$F$2:F13,">="&DATE(YEAR(F13),1,1),$F$2:F13,"<="&DATE(YEAR(F13),12,31))<=15,-0.1,IF(COUNTIFS($E$2:E13,E13,$F$2:F13,">="&DATE(YEAR(F13),1,1),$F$2:F13,"<="&DATE(YEAR(F13),12,31))<=30,-0.15,IF(COUNTIFS($E$2:E13,E13,$F$2:F13,">="&DATE(YEAR(F13),1,1),$F$2:F13,"<="&DATE(YEAR(F13),12,31))<=60,-0.2,IF(COUNTIFS($E$2:E13,E13,$F$2:F13,">="&DATE(YEAR(F13),1,1),$F$2:F13,"<="&DATE(YEAR(F13),12,31))<=120,-0.25,-0.3))))),"")} | S13: =IF(E13<>"",0,"") | T13: =IF(AND(E13<>"",A13="Entrée"),65,"") | U13: =IF(AND(P13<>"",Q13<>""),ROUNDUP(P13*(1+Q13),2),"") | V13: =IF(U13<>"",U13+T13,"") | W13: =IF(V13<>"",IF(V13<9,0,IF(V13<=16,16,V13)),"") | X13: =IF(W13<>"",W13,"")
C14: =IF(B14<>"",VLOOKUP(B14,Tableau3[#All],2,0),"") | D14: =IF(B14<>"","13","") | K14: =IF(E14<>"",VLOOKUP(E14,'Caractéristique navire de pêche'!$B:$E,3,0),"") | M14: =IF(E14<>"",_xlfn.LET(_xlpm.te_reel,VLOOKUP(E14,Tableau13[[#All],[Nom du Navire ]:[Tirant d''eau (m)]],4,0),_xlpm.longueur,VLOOKUP(E14,Tableau13[[#All],[Nom du Navire ]:[Tirant d''eau (m)]],2,0),_xlpm.largeur,VLOOKUP(E14,Tableau13[[#All],[Nom du Navire ]:[Tirant d''eau (m)]],3,0),_xlpm.te_theorique,0.14*SQRT(_xlpm.longueur*_xlpm.largeur),IF(_xlpm.te_reel>=_xlpm.te_theorique,_xlpm.te_reel,ROUND(_xlpm.te_theorique,2))),"") | N14: =IF(AND(K14<>"",L14<>"",M14<>""),ROUNDUP(L14*K14*M14,0),"") | O14: =IF(A14<>"",IF(A14="Entrée",0.366,0.228),"") | P14: =IF(AND(N14<>"",O14<>""),ROUNDUP(N14*O14,2),"") | Q14: =IF(AND(J14<>"",N14<>""),IF(J14/N14>2/15,0,IF(J14/N14>1/10,-0.1,IF(J14/N14>1/20,-0.3,IF(J14/N14>1/40,-0.5,IF(J14/N14>1/100,-0.6,IF(J14/N14>1/250,-0.7,IF(J14/N14>1/500,-0.8,-0.95))))))),"") | R14: {=IF(E14<>"",IF(COUNTIFS($E$2:E14,E14,$F$2:F14,">="&DATE(YEAR(F14),1,1),$F$2:F14,"<="&DATE(YEAR(Q:QF14),12,31))<=6,0,IF(COUNTIFS($E$2:E14,E14,$F$2:F14,">="&DATE(YEAR(F14),1,1),$F$2:F14,"<="&DATE(YEAR(F14),12,31))<=15,-0.1,IF(COUNTIFS($E$2:E14,E14,$F$2:F14,">="&DATE(YEAR(F14),1,1),$F$2:F14,"<="&DATE(YEAR(F14),12,31))<=30,-0.15,IF(COUNTIFS($E$2:E14,E14,$F$2:F14,">="&DATE(YEAR(F14),1,1),$F$2:F14,"<="&DATE(YEAR(F14),12,31))<=60,-0.2,IF(COUNTIFS($E$2:E14,E14,$F$2:F14,">="&DATE(YEAR(F14),1,1),$F$2:F14,"<="&DATE(YEAR(F14),12,31))<=120,-0.25,-0.3))))),"")} | S14: =IF(E14<>"",0,"") | T14: =IF(AND(E14<>"",A14="Entrée"),65,"") | U14: =IF(AND(P14<>"",Q14<>""),ROUNDUP(P14*(1+Q14),2),"") | V14: =IF(U14<>"",U14+T14,"") | W14: =IF(V14<>"",IF(V14<9,0,IF(V14<=16,16,V14)),"") | X14: =IF(W14<>"",W14,"")
... C38: =IF(B38<>"",VLOOKUP(B38,Tableau3[#All],2,0),"") | D38: =IF(B38<>"","13","") | K38: =IF(E38<>"",VLOOKUP(E38,'Caractéristique navire de pêche'!$B:$E,3,0),"") | M38: =IF(E38<>"",_xlfn.LET(_xlpm.te_reel,VLOOKUP(E38,Tableau13[[#All],[Nom du Navire ]:[Tirant d''eau (m)]],4,0),_xlpm.longueur,VLOOKUP(E38,Tableau13[[#All],[Nom du Navire ]:[Tirant d''eau (m)]],2,0),_xlpm.largeur,VLOOKUP(E38,Tableau13[[#All],[Nom du Navire ]:[Tirant d''eau (m)]],3,0),_xlpm.te_theorique,0.14*SQRT(_xlpm.longueur*_xlpm.largeur),IF(_xlpm.te_reel>=_xlpm.te_theorique,_xlpm.te_reel,ROUND(_xlpm.te_theorique,2))),"") | N38: =IF(AND(K38<>"",L38<>"",M38<>""),ROUNDUP(L38*K38*M38,0),"") | O38: =IF(A38<>"",IF(A38="Entrée",0.366,0.228),"") | P38: =IF(AND(N38<>"",O38<>""),ROUNDUP(N38*O38,2),"") | Q38: =IF(AND(J38<>"",N38<>""),IF(J38/N38>2/15,0,IF(J38/N38>1/10,-0.1,IF(J38/N38>1/20,-0.3,IF(J38/N38>1/40,-0.5,IF(J38/N38>1/100,-0.6,IF(J38/N38>1/250,-0.7,IF(J38/N38>1/500,-0.8,-0.95))))))),"") | R38: {=IF(E38<>"",IF(COUNTIFS($E$2:E38,E38,$F$2:F38,">="&DATE(YEAR(F38),1,1),$F$2:F38,"<="&DATE(YEAR(Q:QF38),12,31))<=6,0,IF(COUNTIFS($E$2:E38,E38,$F$2:F38,">="&DATE(YEAR(F38),1,1),$F$2:F38,"<="&DATE(YEAR(F38),12,31))<=15,-0.1,IF(COUNTIFS($E$2:E38,E38,$F$2:F38,">="&DATE(YEAR(F38),1,1),$F$2:F38,"<="&DATE(YEAR(F38),12,31))<=30,-0.15,IF(COUNTIFS($E$2:E38,E38,$F$2:F38,">="&DATE(YEAR(F38),1,1),$F$2:F38,"<="&DATE(YEAR(F38),12,31))<=60,-0.2,IF(COUNTIFS($E$2:E38,E38,$F$2:F38,">="&DATE(YEAR(F38),1,1),$F$2:F38,"<="&DATE(YEAR(F38),12,31))<=120,-0.25,-0.3))))),"")} | S38: =IF(E38<>"",0,"") | T38: =IF(AND(E38<>"",A38="Entrée"),65,"") | U38: =IF(AND(P38<>"",Q38<>""),ROUNDUP(P38*(1+Q38),2),"") | V38: =IF(U38<>"",U38+T38,"") | W38: =IF(V38<>"",IF(V38<9,0,IF(V38<=16,16,V38)),"") | X38: =IF(W38<>"",W38,"")

Sheet Caractéristique navire de pêche
A1: Compagnie | B1: Nom du Navire | C1: Longueur hors tout (m) | D1: Largueur maximal (m) | E1: Tirant d'eau (m)
A2: DSK Fish | B2: MAYELEWO | C2: 14.5 | D2: 4.39 | E2: 1.8
A3: DSK Fish | B3: DON FAUSTINO | C3: 14 | D3: 5.5 | E3: 2
A4: Delta Transit | B4: DON CRUZ | C4: 18.5 | D4: 5.18 | E4: 2.4
A5: Delta Transit | B5: EL SUR | C5: 14.5 | D5: 5.5 | E5: 2
B6: EL SAN JUANERO | C6: 15 | D6: 4.35 | E6: 1.85
A7: Delta Transit | B7: ARACELYS MARIA | C7: 18.7 | D7: 5.45 | E7: 2.5
A8: Delta Transit | B8: SAMANTHA DEL VALLEE | C8: 17.8 | D8: 5.3 | E8: 1.97
A9: Delta Transit | B9: PATHFINDER | C9: 0 | D9: 0 | E9: 0
A10: Delta Transit | B10: NATHALIA | C10: 14 | D10: 5.5 | E10: 2
A11: Poissonnerie Bapte | B11: QUEEN MARY | C11: 14.2 | D11: 4.57 | E11: 2.13
A12: Poissonnerie Bapte | B12: MARIA CELIS 2 | C12: 17 | D12: 4.8 | E12: 2.15
A13: Poissonnerie Bapte | B13: MARIA CELIS 3 | C13: 18.77 | D13: 5.25 | E13: 2.42
A14: Poissonnerie Bapte | B14: MARIA CELIS 4 | C14: 16.81 | D14: 5.2 | E14: 2.31
A15: DSK Fish | B15: LA DIOSA | C15: 13.9 | D15: 4.7 | E15: 2

Sheet adresse
A1: compagnie | B1: Adresse
A2: DSK Fish | B2: 53 AVENUE DES ARAWAKS, 97200 FORT DE FRANCE. | D2: =IF(C2<>"",VLOOKUP(C2,Tableau3[#All],2,0),"")
A3: Poissonnerie Bapte | B3: ZI de Champigny - Bât.n°11, Petite Cocotte - 97224 DUCOS
A4: Delta Transit | B4: Immeuble Frigodom - 1ère étage, ZIP de la Pointe des Grives, 97200, FORT-DE-FRANCE
